{
"lengthUnit": "mil",
"components": {
	"fields": ["COMPONENT_NO", "COMPONENT_NAME", "LAYER", "X_COORDINATE", "Y_COORDINATE", "ANGLE"],
	"rows": [
		[1, "CN1", "T", 186.22, -560.55, 0],
		[2, "CN2", "T", 1012.99, -560.55, 0],
		[3, "CN3", "B", 599.61, -560.55, 180],
		[4, "CN4", "T", 599.61, -48.74, 0],
		[5, "CN5", "T", 599.61, -127.48, 0]
	]
},
"pins": {
	"fields": ["PIN_NO", "PIN_NAME", "PIN_X", "PIN_Y", "LAYER", "PIN_TYPE", "NET_NAME", "NET_TYPE", "PAD_SHAPE", "PAD_SIZEX", "PAD_SIZEY", "HOLE_SIZE", "PAD_ANGLE"],
	"rows": [
		[1, "CN1_1", 186.22, -658.98, "T", "DIP", "GND", "GND", "O", 47.24, 125.98, 106.3, 90],
		[2, "CN1_1", 186.22, -658.98, "B", "DIP", "GND", "GND", "O", 47.24, 125.98, 106.3, 90],
		[3, "CN1_2", 284.65, -560.55, "T", "DIP", "$1N627", "", "O", 47.24, 102.36, 82.68, 180],
		[4, "CN1_2", 284.65, -560.55, "B", "DIP", "$1N627", "", "O", 47.24, 102.36, 82.68, 180],
		[5, "CN1_3", 186.22, -462.13, "T", "DIP", "$1N658", "", "O", 47.24, 102.36, 82.68, 270],
		[6, "CN1_3", 186.22, -462.13, "B", "DIP", "$1N658", "", "O", 47.24, 102.36, 82.68, 270],
		[7, "CN1_4", 87.8, -560.55, "T", "DIP", "CN1_4", "", "O", 47.24, 102.36, 82.68, 0],
		[8, "CN1_4", 87.8, -560.55, "B", "DIP", "CN1_4", "", "O", 47.24, 102.36, 82.68, 0],
		[9, "CN2_1", 1012.99, -658.98, "T", "DIP", "GND", "GND", "O", 47.24, 125.98, 106.3, 90],
		[10, "CN2_1", 1012.99, -658.98, "B", "DIP", "GND", "GND", "O", 47.24, 125.98, 106.3, 90],
		[11, "CN2_2", 1111.42, -560.55, "T", "DIP", "$1N634", "", "O", 47.24, 102.36, 82.68, 180],
		[12, "CN2_2", 1111.42, -560.55, "B", "DIP", "$1N634", "", "O", 47.24, 102.36, 82.68, 180],
		[13, "CN2_3", 1012.99, -462.13, "T", "DIP", "$1N664", "", "O", 47.24, 102.36, 82.68, 270],
		[14, "CN2_3", 1012.99, -462.13, "B", "DIP", "$1N664", "", "O", 47.24, 102.36, 82.68, 270],
		[15, "CN2_4", 914.57, -560.55, "T", "DIP", "CN2_4", "", "O", 47.24, 102.36, 82.68, 0],
		[16, "CN2_4", 914.57, -560.55, "B", "DIP", "CN2_4", "", "O", 47.24, 102.36, 82.68, 0],
		[17, "CN3_1", 520.87, -560.55, "T", "DIP", "GND", "GND", "C", 62.99, 62.99, 39.37, 0],
		[18, "CN3_1", 520.87, -560.55, "B", "DIP", "GND", "GND", "C", 62.99, 62.99, 39.37, 0],
		[19, "CN3_2", 599.61, -560.55, "T", "DIP", "$1N650", "", "C", 62.99, 62.99, 39.37, 0],
		[20, "CN3_2", 599.61, -560.55, "B", "DIP", "$1N650", "", "C", 62.99, 62.99, 39.37, 0],
		[21, "CN3_3", 678.35, -560.55, "T", "DIP", "$1N671", "", "C", 62.99, 62.99, 39.37, 0],
		[22, "CN3_3", 678.35, -560.55, "B", "DIP", "$1N671", "", "C", 62.99, 62.99, 39.37, 0],
		[23, "CN4_1", 442.13, -48.74, "T", "DIP", "$1N627", "", "R", 60, 55.12, 35.43, 0],
		[24, "CN4_1", 442.13, -48.74, "B", "DIP", "$1N627", "", "R", 60, 55.12, 35.43, 0],
		[25, "CN4_2", 520.87, -48.74, "T", "DIP", "CN4_2", "", "C", 55.12, 55.12, 35.43, 0],
		[26, "CN4_2", 520.87, -48.74, "B", "DIP", "CN4_2", "", "C", 55.12, 55.12, 35.43, 0],
		[27, "CN4_3", 599.61, -48.74, "T", "DIP", "$1N650", "", "C", 55.12, 55.12, 35.43, 0],
		[28, "CN4_3", 599.61, -48.74, "B", "DIP", "$1N650", "", "C", 55.12, 55.12, 35.43, 0],
		[29, "CN4_4", 678.35, -48.74, "T", "DIP", "CN4_4", "", "C", 55.12, 55.12, 35.43, 0],
		[30, "CN4_4", 678.35, -48.74, "B", "DIP", "CN4_4", "", "C", 55.12, 55.12, 35.43, 0],
		[31, "CN4_5", 757.09, -48.74, "T", "DIP", "$1N634", "", "C", 55.12, 55.12, 35.43, 0],
		[32, "CN4_5", 757.09, -48.74, "B", "DIP", "$1N634", "", "C", 55.12, 55.12, 35.43, 0],
		[33, "CN5_1", 442.13, -127.48, "T", "DIP", "$1N658", "", "R", 60, 55.12, 35.43, 0],
		[34, "CN5_1", 442.13, -127.48, "B", "DIP", "$1N658", "", "R", 60, 55.12, 35.43, 0],
		[35, "CN5_2", 520.87, -127.48, "T", "DIP", "CN5_2", "", "C", 55.12, 55.12, 35.43, 0],
		[36, "CN5_2", 520.87, -127.48, "B", "DIP", "CN5_2", "", "C", 55.12, 55.12, 35.43, 0],
		[37, "CN5_3", 599.61, -127.48, "T", "DIP", "$1N671", "", "C", 55.12, 55.12, 35.43, 0],
		[38, "CN5_3", 599.61, -127.48, "B", "DIP", "$1N671", "", "C", 55.12, 55.12, 35.43, 0],
		[39, "CN5_4", 678.35, -127.48, "T", "DIP", "CN5_4", "", "C", 55.12, 55.12, 35.43, 0],
		[40, "CN5_4", 678.35, -127.48, "B", "DIP", "CN5_4", "", "C", 55.12, 55.12, 35.43, 0],
		[41, "CN5_5", 757.09, -127.48, "T", "DIP", "$1N664", "", "C", 55.12, 55.12, 35.43, 0],
		[42, "CN5_5", 757.09, -127.48, "B", "DIP", "$1N664", "", "C", 55.12, 55.12, 35.43, 0]
	]
}
}