{
"lengthUnit": "mil",
"components": {
	"fields": ["COMPONENT_NO", "COMPONENT_NAME", "LAYER", "X_COORDINATE", "Y_COORDINATE", "ANGLE"],
	"rows": [
		[1, "CN1", "B", 540, -180, 90],
		[2, "PS1", "T", 220, -230, 0]
	]
},
"pins": {
	"fields": ["PIN_NO", "PIN_NAME", "PIN_X", "PIN_Y", "LAYER", "PIN_TYPE", "NET_NAME", "NET_TYPE", "PAD_SHAPE", "PAD_SIZEX", "PAD_SIZEY", "HOLE_SIZE", "PAD_ANGLE"],
	"rows": [
		[1, "CN1_1", 540, -101.26, "T", "DIP", "GND", "GND", "C", 62.99, 62.99, 39.37, 270],
		[2, "CN1_1", 540, -101.26, "B", "DIP", "GND", "GND", "C", 62.99, 62.99, 39.37, 270],
		[3, "CN1_2", 540, -180, "T", "DIP", "$1N328", "", "C", 62.99, 62.99, 39.37, 270],
		[4, "CN1_2", 540, -180, "B", "DIP", "$1N328", "", "C", 62.99, 62.99, 39.37, 270],
		[5, "CN1_3", 540, -258.74, "T", "DIP", "$1N335", "", "C", 62.99, 62.99, 39.37, 270],
		[6, "CN1_3", 540, -258.74, "B", "DIP", "$1N335", "", "C", 62.99, 62.99, 39.37, 270],
		[7, "PS1_1", 70, -67.6, "T", "DIP", "GND", "GND", "C", 98.42, 98.42, 70.87, 0],
		[8, "PS1_1", 70, -67.6, "B", "DIP", "GND", "GND", "C", 98.42, 98.42, 70.87, 0],
		[9, "PS1_2", 370, -67.6, "T", "DIP", "$1N335", "", "C", 98.42, 98.42, 70.87, 0],
		[10, "PS1_2", 370, -67.6, "B", "DIP", "$1N335", "", "C", 98.42, 98.42, 70.87, 0],
		[11, "PS1_3", 220, -217.6, "T", "DIP", "$1N328", "", "C", 98.42, 98.42, 70.87, 0],
		[12, "PS1_3", 220, -217.6, "B", "DIP", "$1N328", "", "C", 98.42, 98.42, 70.87, 0],
		[13, "PS1_4", 220, -392.4, "T", "DIP", "PS1_4", "", "C", 78.74, 78.74, 55.12, 0],
		[14, "PS1_4", 220, -392.4, "B", "DIP", "PS1_4", "", "C", 78.74, 78.74, 55.12, 0]
	]
}
}