{
"lengthUnit": "mil",
"remark": [],
"components": {
	"fields": ["COMPONENT_NO", "COMPONENT_NAME", "LAYER", "X_COORDINATE", "Y_COORDINATE", "ANGLE"],
	"rows": [
		[1, "CN1", "B", 540, -180, 90],
		[2, "PS1", "T", 220, -230, 0],
		[3, "PAD1", "T", 540, -180, 0],
		[4, "PAD1", "B", 540, -180, 0],
		[5, "PAD2", "T", 540, -101.26, 0],
		[6, "PAD2", "B", 540, -101.26, 0],
		[7, "PAD3", "T", 540, -258.74, 0],
		[8, "PAD3", "B", 540, -258.74, 0],
		[9, "PAD4", "T", 220, -217.6, 0],
		[10, "PAD4", "B", 220, -217.6, 0],
		[11, "PAD5", "T", 370, -67.6, 0],
		[12, "PAD5", "B", 370, -67.6, 0],
		[13, "PAD6", "T", 70, -67.6, 0],
		[14, "PAD6", "B", 70, -67.6, 0]
	]
},
"pins": {
	"fields": ["PIN_NO", "PIN_NAME", "PIN_X", "PIN_Y", "LAYER", "PIN_TYPE", "NET_NAME", "NET_TYPE", "PAD_SHAPE", "PAD_SIZEX", "PAD_SIZEY", "HOLE_SIZE", "HOLE_LEN", "PAD_ANGLE"],
	"rows": [
		[1, "CN1_1", 540, -101.26, "T", "DIP", "GND", "GND", "C", 62.992, 62.992, 39.37, 39.37, 270],
		[2, "CN1_1", 540, -101.26, "B", "DIP", "GND", "GND", "C", 62.992, 62.992, 39.37, 39.37, 270],
		[3, "CN1_2", 540, -180, "T", "DIP", "$1N328", "", "C", 62.992, 62.992, 39.37, 39.37, 270],
		[4, "CN1_2", 540, -180, "B", "DIP", "$1N328", "", "C", 62.992, 62.992, 39.37, 39.37, 270],
		[5, "CN1_3", 540, -258.74, "T", "DIP", "$1N335", "", "C", 62.992, 62.992, 39.37, 39.37, 270],
		[6, "CN1_3", 540, -258.74, "B", "DIP", "$1N335", "", "C", 62.992, 62.992, 39.37, 39.37, 270],
		[7, "PS1_1", 70, -67.6, "T", "DIP", "GND", "GND", "C", 98.425, 98.425, 70.866, 70.866, 0],
		[8, "PS1_1", 70, -67.6, "B", "DIP", "GND", "GND", "C", 98.425, 98.425, 70.866, 70.866, 0],
		[9, "PS1_2", 370, -67.6, "T", "DIP", "$1N335", "", "C", 98.425, 98.425, 70.866, 70.866, 0],
		[10, "PS1_2", 370, -67.6, "B", "DIP", "$1N335", "", "C", 98.425, 98.425, 70.866, 70.866, 0],
		[11, "PS1_3", 220, -217.6, "T", "DIP", "$1N328", "", "C", 98.425, 98.425, 70.866, 70.866, 0],
		[12, "PS1_3", 220, -217.6, "B", "DIP", "$1N328", "", "C", 98.425, 98.425, 70.866, 70.866, 0],
		[13, "PS1_4", 220, -392.4, "T", "DIP", "NET_1", "", "C", 78.74, 78.74, 55.118, 55.118, 0],
		[14, "PS1_4", 220, -392.4, "B", "DIP", "NET_1", "", "C", 78.74, 78.74, 55.118, 55.118, 0],
		[15, "PAD1_2", 540, -180, "T", "DIP", "$1N328", "", "C", 62.992, 62.992, 39.37, 39.37, 270],
		[16, "PAD1_2", 540, -180, "B", "DIP", "$1N328", "", "C", 62.992, 62.992, 39.37, 39.37, 270],
		[17, "PAD2_1", 540, -101.26, "T", "DIP", "GND", "GND", "C", 62.992, 62.992, 39.37, 39.37, 270],
		[18, "PAD2_1", 540, -101.26, "B", "DIP", "GND", "GND", "C", 62.992, 62.992, 39.37, 39.37, 270],
		[19, "PAD3_3", 540, -258.74, "T", "DIP", "$1N335", "", "C", 62.992, 62.992, 39.37, 39.37, 270],
		[20, "PAD3_3", 540, -258.74, "B", "DIP", "$1N335", "", "C", 62.992, 62.992, 39.37, 39.37, 270],
		[21, "PAD4_3", 220, -217.6, "T", "DIP", "$1N328", "", "C", 98.425, 98.425, 70.866, 70.866, 0],
		[22, "PAD4_3", 220, -217.6, "B", "DIP", "$1N328", "", "C", 98.425, 98.425, 70.866, 70.866, 0],
		[23, "PAD5_2", 370, -67.6, "T", "DIP", "$1N335", "", "C", 98.425, 98.425, 70.866, 70.866, 0],
		[24, "PAD5_2", 370, -67.6, "B", "DIP", "$1N335", "", "C", 98.425, 98.425, 70.866, 70.866, 0],
		[25, "PAD6_1", 70, -67.6, "T", "DIP", "GND", "GND", "C", 98.425, 98.425, 70.866, 70.866, 0],
		[26, "PAD6_1", 70, -67.6, "B", "DIP", "GND", "GND", "C", 98.425, 98.425, 70.866, 70.866, 0]
	]
}
}