{
"lengthUnit": "mil",
"components": {
	"fields": ["COMPONENT_NO", "COMPONENT_NAME", "LAYER", "X_COORDINATE", "Y_COORDINATE", "ANGLE"],
	"rows": [
		[1, "CN1", "T", 149.61, -169.29, 0],
		[2, "CN2", "B", 399.76, -169.29, 90]
	]
},
"pins": {
	"fields": ["PIN_NO", "PIN_NAME", "PIN_X", "PIN_Y", "LAYER", "PIN_TYPE", "NET_NAME", "NET_TYPE", "PAD_SHAPE", "PAD_SIZEX", "PAD_SIZEY", "HOLE_SIZE", "PAD_ANGLE"],
	"rows": [
		[1, "CN1_1", 149.6, -267.72, "T", "DIP", "GND", "GND", "O", 47.24, 125.98, 106.3, 90],
		[2, "CN1_1", 149.6, -267.72, "B", "DIP", "GND", "GND", "O", 47.24, 125.98, 106.3, 90],
		[3, "CN1_2", 248.03, -169.29, "T", "DIP", "$1N236", "", "O", 47.24, 102.36, 82.68, 180],
		[4, "CN1_2", 248.03, -169.29, "B", "DIP", "$1N236", "", "O", 47.24, 102.36, 82.68, 180],
		[5, "CN1_3", 149.6, -70.87, "T", "DIP", "$1N243", "", "O", 47.24, 102.36, 82.68, 270],
		[6, "CN1_3", 149.6, -70.87, "B", "DIP", "$1N243", "", "O", 47.24, 102.36, 82.68, 270],
		[7, "CN1_4", 51.18, -169.29, "T", "DIP", "CN1_4", "", "O", 47.24, 102.36, 82.68, 0],
		[8, "CN1_4", 51.18, -169.29, "B", "DIP", "CN1_4", "", "O", 47.24, 102.36, 82.68, 0],
		[9, "CN2_1", 399.76, -90.55, "T", "DIP", "$1N243", "", "C", 62.99, 62.99, 39.37, 270],
		[10, "CN2_1", 399.76, -90.55, "B", "DIP", "$1N243", "", "C", 62.99, 62.99, 39.37, 270],
		[11, "CN2_2", 399.76, -169.29, "T", "DIP", "$1N236", "", "C", 62.99, 62.99, 39.37, 270],
		[12, "CN2_2", 399.76, -169.29, "B", "DIP", "$1N236", "", "C", 62.99, 62.99, 39.37, 270],
		[13, "CN2_3", 399.76, -248.03, "T", "DIP", "GND", "GND", "C", 62.99, 62.99, 39.37, 270],
		[14, "CN2_3", 399.76, -248.03, "B", "DIP", "GND", "GND", "C", 62.99, 62.99, 39.37, 270]
	]
}
}